"read rhymes with lead . similarly , read rhymes with lead . however , read does not rhyme with lead , nor does lead with read .", read / VB / R-IY1-D,lead / NN / L-EH1-D,read / VB / R-IY1-D,lead / NN / L-EH1-D,read / VB / R-IY1-D,lead / NN / L-EH1-D,lead / VB / L-IY1-D,read / VBN / R-IY1-D, reddit:r/wordplay:https://www.reddit.com/r/wordplay/comments/fy0jdn/read_rhymes_with_lead_similarly_read_rhymes_with/
"you know , what you could never understand is that some men lead lead and you refuse to follow , you die alone in the desert ... just not this desert .", lead / VB / L-IY1-D,lead / VB / L-IY1-D,refuse / VBP / R-IH0-F-Y-UW1-Z,desert / NN / D-EH1-Z-ER0-T,desert / NN / D-EH1-Z-ER0-T, coca:wlp_tvm:line 1115359
"business reporter olivera perkins would like to get more detail from you on the impact of automation and unions and the mismatch between where the jobs are and where people in need of them live .", detail / NN / D-IY1-T-EY0-L,impact / NN / IH1-M-P-AE0-K-T,mismatch / NN / M-IH1-S-M-AE2-CH,live / VB / L-IH1-V, coca:wlp_news:line 1264110
"inbound marketing strategists must have a comprehensive mix of skills including search engine optimization , content strategy , and content mapping against a lead 's decision-making process .", content / NN / K-AA1-N-T-EH0-N-T,content / NN / K-AA1-N-T-EH0-N-T,lead / NN / L-EH1-D,process / NN / P-R-AA1-S-EH2-S, coca:wlp_blog:line 1388229
"mom , i took a quiz on this book the maken terryberry book , i took a quiz on that did you read the read the book , i read the book , i read the book but i ...", read / VBD / R-IY1-D,read / VB / R-IY1-D,read / VBD / R-IY1-D,read / VBD / R-IY1-D, coca:wlp_tvm:line 43929
"the branch opened at 10 p.m. with activities for families , such as a costume contest , photographs of patrons in costume and a trivia contest .", costume / NN / K-AA1-S-T-UW0-M,contest / NN / K-AA1-N-T-EH0-S-T,costume / NN / K-AA1-S-T-UW0-M,contest / NN / K-AA1-N-T-EH0-S-T, coca:wlp_news:line 1167814
"they give me christmas presents and call them birthday presents , or give me birthday presents and call them christmas presents .", presents / VBZ / P-R-IY0-Z-EH1-N-T-S,presents / VBZ / P-R-IY0-Z-EH1-N-T-S,presents / VBZ / P-R-IY0-Z-EH1-N-T-S,presents / VBZ / P-R-IY0-Z-EH1-N-T-S, coca:wlp_tvm:line 878390
"* [ uses her hat in up close combat .", uses / VBZ / Y-UW1-Z-IH0-Z,close / JJ / K-L-OW1-S,combat / NN / K-AA1-M-B-AE0-T, reddit:r/whowouldwin:https://www.reddit.com/r/whowouldwin/comments/gnpv9f/featuring_gina_undead_unluck/
"tommy boy records would like to offer you a record contract .", records / NNS / R-EH1-K-ER0-D-Z,record / NN / R-EH1-K-ER0-D,contract / NN / K-AA1-N-T-R-AE2-K-T, coca:wlp_fic:line 299428
"klaus , like many people on car rides , was very bored , and he was loved to read , and at approximately twelve years of age had read more books than many people read in their whole lives .", read / VB / R-IY1-D,read / VBN / R-IY1-D,read / VBP / R-IY1-D, coca:wlp_fic:line 567415
"he 's a perfect duplicate in every detail .", perfect / JJ / P-ER1-F-IH2-K-T,duplicate / VB / D-UW1-P-L-AH0-K-EY2-T,detail / NN / D-IY1-T-EY0-L, coca:wlp_tvm:line 941770
"every single day they came and learned together how to live a life of courage , faith , and prayer like daniel .", learned / VBD / L-ER1-N-D,live / VB / L-IH1-V,prayer / NN / P-R-EY1-ER0, coca:wlp_blog:line 592113
"i can go into more detail if you 'd like but i suspect this comment is already long enough anastasia , woulde n't it be reasonably easy to increase maize 's secretion/uptake of siderophores ?", detail / NN / D-IY1-T-EY0-L,suspect / VB / S-AH0-S-P-EH1-K-T,increase / VB / IH0-N-K-R-IY1-S, coca:wlp_blog:line 1149966
"when i could n't find any videos on youtube that talked about how to use a mac , i figured it was a good excuse for me to document my own experience . ``", use / VB / Y-UW1-Z,excuse / NN / IH0-K-S-K-Y-UW1-S,document / VB / D-AA1-K-Y-AH0-M-EH0-N-T, coca:wlp_blog:line 1328877
"for example , an addon might use something like content scripts to inject itself into a page , and i 'm not sure the layout part page 's memory use .", use / VB / Y-UW1-Z,content / NN / K-AA1-N-T-EH0-N-T,use / NN / Y-UW1-S, coca:wlp_blog:line 1422770
"however , such is absolutely not for utilizing electronic documents remove duplicate content pages from virtual .", documents / NNS / D-AA1-K-Y-AH0-M-AH0-N-T-S,duplicate / VB / D-UW1-P-L-AH0-K-EY2-T,content / NN / K-AA1-N-T-EH0-N-T, coca:wlp_blog:line 1493150
"this is great read this , i learned more about arcs/blogging in general than i have learned since starting my blog .", read / NN / R-EH1-D,learned / VBD / L-ER1-N-D,learned / VBN / L-ER1-N-D, coca:wlp_blog:line 1493150
"in the ten or so minutes i took to read this , i learned more about arcs/blogging in general than i have learned since starting my blog .", read / VB / R-IY1-D,learned / VBD / L-ER1-N-D,learned / VBN / L-ER1-N-D, coca:wlp_blog:line 1493150
"close personal friends in his letters , mallory said he learned early on about what he called the `` close and well-known personal friendship `` between brown and jackson .", close / VB / K-L-OW1-Z,learned / VBD / L-ER1-N-D,close / JJ / K-L-OW1-S, coca:wlp_news:line 563608
"( roger ebert , universal press syndicate ) rated r for strong sexual content , nudity , language and some teen drug and alcohol use .", syndicate / NN / S-IH1-N-D-IH0-K-AH0-T,content / NN / K-AA1-N-T-EH0-N-T,use / NN / Y-UW1-S, coca:wlp_news:line 896172
"the report called for the county 's two water districts to combine and advocate for a streamlined permitting process to end years of delays . ``", combine / VB / K-AH0-M-B-AY1-N,advocate / NN / AE1-D-V-AH0-K-AH0-T,process / NN / P-R-AA1-S-EH2-S, coca:wlp_news:line 1128725
"the nonprofit virginia public access project says three particularly competitive state senate races are on track to break the prior record for the state 's most expensive legislative contest .", project / NN / P-R-AA1-JH-EH0-K-T,record / NN / R-EH1-K-ER0-D,contest / NN / K-AA1-N-T-EH0-S-T, coca:wlp_news:line 1150417
"the developer wants the same mixed use zoning as for the larger property , with plans to combine them into one large project .", use / NN / Y-UW1-S,combine / VB / K-AH0-M-B-AY1-N,project / NN / P-R-AA1-JH-EH0-K-T, coca:wlp_news:line 1171975
"president ’ s present presence presents present dents ..", present / JJ / P-R-EH1-Z-AH0-N-T,presents / VBZ / P-R-IY0-Z-EH1-N-T-S,present / JJ / P-R-EH1-Z-AH0-N-T, reddit:r/WordAvalanches:https://www.reddit.com/r/WordAvalanches/comments/gemvjc/an_advisor_postulates_that_a_state_leaders/
"“ read ” messages shouldn ’ t be “ read ” , rather seen , as all the receiver must do for a message to be marked as such is see it , not necessarily read it .", read / NN / R-EH1-D,read / NN / R-EH1-D,read / VB / R-IY1-D, reddit:r/Showerthoughts:https://www.reddit.com/r/Showerthoughts/comments/gpvg19/read_messages_shouldnt_be_read_rather_seen_as_all/
"she feels herself getting closer and closer to the objects .", closer / RBR / K-L-OW1-S-ER0,closer / RBR / K-L-OW1-S-ER0,objects / NNS / AA1-B-JH-EH0-K-T-S, coca:wlp_fic:line 99859
"photograph sidebar 20 minute essay sidebar take 20 minutes to plan and write an essay based on this quotation : `` .", minute / NN / M-IH1-N-AH0-T,essay / NN / EH1-S-EY2,essay / NN / EH1-S-EY2, coca:wlp_fic:line 262847
"but i am close to my family , the way you are close to other people in a small crowded elevator that has temporarily stalled but will be moving any minute now .", close / RB / K-L-OW1-S,close / RB / K-L-OW1-S,minute / JJ / M-IH1-N-AH0-T, coca:wlp_fic:line 821848
"that was the project 's assessment before i came here and i 've seen nothing your job for the project and live the life of dictionary jones at the same time . ``", project / NN / P-R-AA1-JH-EH0-K-T,project / NN / P-R-AA1-JH-EH0-K-T,live / VB / L-IH1-V, coca:wlp_fic:line 930533
"then there were the footsteps in the snow coming closer and closer then they stopped cot for a minute and take a rest .", closer / RBR / K-L-OW1-S-ER0,closer / RBR / K-L-OW1-S-ER0,minute / NN / M-IH1-N-AH0-T, coca:wlp_tvm:line 32694
